source,target
_cottonxo,NA
48Nakoo,NA
wendybae_0221,NA
notannagrace,NA
rosieszone,NA
jiryulis,NA
kccyn_,NA
Iovekkura,NA
MiAmoreJeonghan,NA
ruwuchic,NA
angieangelitaa,NA
breaktobreath,NA
Emerald_Vamp,NA
sasdni44,NA
psyche1997,NA
miinjugato,NA
melekinaja,S4kur4_319
NyaaNako,NA
kkurazon_,NA
jisoodollz,NA
JSXNl4,NA
_eldgnxn,NA
louveyena,NA
ChaTaeon,NA
kpopque2,NA
ChaTaeon,NA
ChaTaeon,NA
Baekybarns,NA
YABUZY,NA
cyeon00,NA
alwcyss,NA
stan13boys,NA
jihoonsfilter_,NA
navilleraby,NA
smolchaeng99,NA
glenderblenderr,NA
jungmoguri_,NA
raraitlnw,NA
izonefied48,NA
Anoud197,NA
hyungwoncito,NA
clcismydrug,NA
jiaersprotect,NA
heirjeon,NA
httpwarkjs,NA
kekpisangEffa,NA
cha3wonie,NA
aruML7,NA
blueyizm,NA
luvielali,NA
Wolf3ssamu,NA
HONTOL,NA
gixoco,NA
yoo_seongie,NA
12ONEHEARTEU,NA
izpinksure,NA
bewrthyou,NA
elle805,NA
Yvespunchingbag,NA
jungeu9ns,NA
baeismines,NA
Jeon_Gelow,NA
yohayoun,NA
zeeuweeu,NA
G0THEUNBI,NA
scyglow,NA
inoiri,NA
myaegyobear,NA
eunbicraft,G0THEUNBI
fianuwu,NA
ccornnnnn,NA
hopew0n,NA
griffiendor,NA
johnheekie,NA
yonemins,NA
ryuitzy_125,NA
senoriiiiitaa,NA
byxlbit,NA
duckieyena1,NA
hobietc,NA
viviclt,NA
x__Xvivi,NA
duck_hyunjin,NA
viviX__x,NA
abnormalwizone,NA
UniTinyZen,NA
annmarie_xd,NA
hyeboca,NA
kimpumpkinn,NA
yujinrawr,NA
yurijoguri,NA
yirenmilf,NA
huuuuhtdog_,NA
ahrthhh,NA
IZ1_012,NA
ohsnapgurls,NA
jieyseu,NA
_HannaaMickylaa,NA
goldenbreadhoon,NA
wintermelownz,NA
JUNHU1S,NA
JUNHU1S,NA
yourshining12,NA
wiz1KM,NA
manobansaku,NA
rvlvvy,NA
myballzzmagic,NA
LastTwoThiRD,NA
woongglies,woongglies
baebaekwangbae,NA
mixeig,NA
jinsoulspocket,NA
joyul_in_red,NA
hilolingo,NA
haodle,NA
querenhoshia,NA
fluffy99_uwu,NA
scraffsum,NA
anyujiniverse,NA
bbgIZONE,NA
lord_vold13,NA
greendeultea,NA
babyduckyena,NA
zoahanakgae,NA
minyulstan,NA
nekkumaa,NA
choujunkyu,NA
wonrosies,OH_mes2
petrichorr_r,NA
bellateez,NA
ultyizhuos,NA
seokjinaughtea,NA
zeroli1988,NA
NicccTanz,NA
rensleeps_early,NA
himet0mi,NA
ahnyujinspic,NA
keroppiyu,NA
xavxxrz,NA
LEunbinie,NA
dahyenaaaa,NA
sw3etcreatur3,NA
choijoyul,NA
daejiham,NA
anrrdsk,NA
es_rasa_jeruk,NA
igieb9,NA
multiheartu,menden48827354
minjooring2,NA
rraesth,NA
taertohok,NA
kanqhye,NA
tycheungad,NA
ahnjrot,NA
Ashhhh1004,NA
rinwzn,NA
ssakudayo,NA
JoyuliiKan,NA
qlc_012,NA
fairycewon,NA
itonedegrees,NA
chaejoony,NA
seeddrrrik,NA
JaneShuffle,NA
hushwu,NA
xButterflyJB,NA
hushwu,NA
mindo_leong,NA
mkyxxf,NA
multiheartu,menden48827354
andrearich_,NA
izonebabydeuls,NA
SGKVCW,NA
crystaItzu,NA
gxdjihyo,NA
shadow_chaeng,NA
Haris68415173,NA
bubblybinnie,NA
ahnjinniex,NA
daengieee,NA
JjoyulisGlass,NA
lzzoryzie,NA
yurichaew,NA
khione_shi,NA
eunbiluvit,NA
jaraaah,NA
miniieunbi,NA
ilxves,NA
vv_vio,NA
peachayss,NA
izwiz0ne,NA
minjussamu,NA
apollixie,NA
luvielali,NA
zoneshidae,NA
dstny_space,NA
duckyyena,NA
tinyjoyul,NA
ahnyudaeng,NA
chaaeyeonnn,NA
multiheartu,_saturnrise
_mkn30,NA
gzb0ss,NA
jimunisy,NA
ttokiii_,NA
suamisahanyujin,NA
minyulstan,NA
peachboyzzz_,NA
hahusseyy,NA
lixbbang,NA
minju_nights,NA
nataliegene_,NA
squaszh,NA
lyujinaltis,NA
cheolhanshua,NA
xiaoZHUde,NA
yenapouts_,NA
wonminify,NA
bellwithluv,NA
Ramyeon101,NA
z_anzo,NA
tzuyupie_,NA
chaechaezxzz,NA
DALGOMSOO_,NA
e_yujinn,NA
inseonity,NA
kanhiyu,NA
yenabiss,NA
enerjjaen,NA
headt0toe,NA
yenforyul,NA
fmlhiokzzz,NA
yenforyul,NA
Asdgyj1,NA
izchaewonnie,NA
yujinniverse,NA
luviechaen,NA
QUEENN_won,NA
minjXyej,NA
yujinniesuki,NA
mtzjmbDIqAO9d4I,NA
twt_chae,NA
soshinigang,NA
deobiyena,NA
crazkjh_,NA
mrcnbng,NA
thesmolbabie,NA
kimminjuangell,NA
eyeson2kim,NA
Jaybee47348850,NA
wizlandclub,llama_quack12
izoneace,NA
bloominjoo_,NA
fallinsakura,multiheartu
yoosjian,NA
yoosjian,yoosjian
multiheartu,fallinsakura
pojakpojaknako,NA
chefrubybear,NA
not_yours_1029,NA
AngelHyolyn,trashforizone
yujinieverse,NA
yujinniverse,NA
porkadubu,iuoymina
g1n0b1l1,NA
Atzys_s,NA
AngelHyolyn,trashforizone
wizone_ccc,NA
yujinakgae,NA
izsahyun,NA
justapassingwiz,NA
oneirizone,NA
nekkumaa,NA
jwyuqis,NA
wizoneeee,NA
fried12ice,NA
oneirizone,NA
_5TARLIGH7_,NA
fixvlogs,OH_mes2
_hyewons,NA
ahnyujry,NA
iwuvyena,NA
hharuging,NA
heyyskwngur,NA
dodaengcore,wveeekly
yenniest,NA
izonebabydeuls,NA
katherine_91286,NA
trashforizone,AngelHyolyn
oreokruemmel,NA
eyeson2kim,NA
iwuvyena,NA
yujinskie1,NA
flvrheon,NA
fredriikka_ss,NA
puterateraa,NA
wonpyoheartuwu,NA
c1tylightsdream,OH_mes2
revemoox,NA
bbyharuuu,NA
cr703029741,OH_mes2
_3rr0L,_3rr0L
SmollGuy,NA
kkurablossoms,NA
darraxxiiii,allkpop
kkurablossoms,NA
choiscIub,choiscIub
singniesun,NA
p0wercix,NA
p0wercix,NA
p0wercix,NA
xolorhythm,NA
gcfwnho,NA
fallinsakura,NA
YUJINCVLT,YUJINCVLT
yveslxt,NA
pandanu_04,pandanu_04
AngelHyolyn,iamenna19
aerinahhh,NA
WONFL4VOR,NA
yurigirlgs,NA
hyckflrts,NA
VAMP1NKS,OH_mes2
Soft4Seulgi,NA
oorlahm,NA
RLitena,OH_mes2
okinawayena,NA
tori_zero09,NA
insoandrade,OH_mes2
eternaluv613,NA
dedewony,eden28_10
stargazingkim,NA
shoinouie,NA
neomubitchy,NA
dandeluwish,NA
jangwcnyou,eden28_10
jangwcnyou,NA
ssamuuu__,OH_mes2
jnkvIvet,NA
waterduar,NA
lovspeIl,OH_mes2
Ahnnisaz,NA
haromericano,NA
Calicocatcutey,Calicocatcutey
kangseonglee,NA
berryjellybunny,NA
dioksito,NA
aisyahjean,NA
minwonseunghoon,NA
MINlSODE,NA
saku_102918,sherondaIe
firstlvv,mylafter
byxlbit,NA
commiechaeng,NA
prodjmin,NA
sykcar,NA
ryujeaann,OH_mes2
PUPGYUL,NA
cixsgf,NA
Akas1amangium,RealBoi_poanime
jaeforhwan,NA
ahnjxxn,NA
picaank,NA
hwngfluffy,NA
JahidiryMichel,NA
joynjoonie,OH_mes2
cosmicalgirIs,NA
jaeburora,OH_mes2
movelymomo,movelymomo
j_ysoon,j_ysoon
g1n0b1l1,NA
xButterflyJB,NA
blessdipity,NA
blessdipity,NA
heartized,NA
cloudy_wony,NA
brianakhamp,LOONAsSimp
jycykc,NA
chaeyeonice,NA
jycykc,NA
Renecottonbae,chaeyeonice
tyeobi,NA
kpopque2,NA
hlkurra,NA
woobizone,NA
entoogether_,NA
oorlahm,NA
kkuranation,NA
minguriiidisini,NA
hoshiyulssi,NA
sayhelotokim,NA
cynxjyr,NA
chooglass,NA
ChaeChae47,NA
seoqnhwa,NA
seoqnhwa,NA
gakjualketombe,NA
oddeyeseoho,NA
cloudy_wony,NA
asahoonie,NA
bitesizedyena,NA
kenapajak,NA
naviolever,NA
kurawa39,NA
kurawa39,NA
happidaisakusen,NA
yulrims,NA
beomiesgyu,NA
ssasha116,NA
tofutouhou,tofutouhou
happidaisakusen,NA
luneprnt,NA
tofutouhou,NA
aquafool51db,NA
jjulius_s,NA
sillyselcastan,NA
sillyselcastan,NA
sillyselcastan,NA
bbysuyun,NA
sillyselcastan,NA
swxetiex,NA
nanatheprince,NA
G0THEUNBI,NA
fated_dva,lNQUISlTOR
izitgirls,NA
eunbivelvet,NA
j_michalskaa,NA
leelilies_,NA
syhrhhlwa12,NA
happidaisakusen,NA
UnitedSuckAss,NA
bonita_appelbum,NA
rvflms,NA
liphyck,NA
NEGROTEEZ,NA
SANRI0SANA,NA
_3rr0L,NA
giwonf,NA
sakufic,inoiri
IZONE_Permanent,NA
chaengbIog,NA
bttysgardn,NA
dubtozaki,NA
signalhyo_,NA
chwjcchee,NA
gukksvmins,NA
kpopque2,NA
legendaryofyena,NA
Liavender_,NA
JHNBARBIE,NA
minjXyej,NA
j_ysoon,j_ysoon
HaemseuteoYuri,NA
Crazy_MuItiFan,NA
afckingdumbass,NA
BryanSiacor,NA
kissnako,NA
Hyefoodie,NA
WhyAmIHere132,NA
hahusseyy,NA
chaeflair,chaeflair
dyavaughnj,NA
nehaxslays,IZONEISLOVE
alinqtee,NA
alinqtee,NA
yujinsmile17,NA
jilaxyoung,NA
kimminjuisheart,Koreaboo
vampvmin,NA
chrrysungie,NA
kpopque2,NA
SGKVCW,NA
Jul_bp,NA
kimchaewohs,NA
4GENLEADERSTXT,NA
strbrrychae,NA
louveyena,NA
louveyena,NA
kthsrosie,NA
izonenchanted,NA
jisIvt,NA
bffaespa,NA
iamenna19,NA
iamenna19,NA
mandu1029,NA
rvcvlt,NA
waterduar,NA
rosynhee,NA
mandu1029,NA
brnluviz,NA
chaenoura,NA
hyewonutted,MnetMAMA
haihollahallo,prettyjoyul
randomp73109798,NA
wizbitzen,wizbitzen
wiz_tiny,NA
gavgstayena,NA
seunqluv,NA
hyundipity,NA
mehhhhh92747476,BbyOnion
keiraxxvy,NA
ryuhuiii,NA
pdyena,NA
lord_vold13,NA
wiwicore,prettyjoyul
STYLISHVlVl,NA
izonenist,NA
chaewonislife,NA
suhfIwer,NA
sakufic,NA
mandu1029,NA
mandu1029,NA
mandu1029,NA
mandu1029,NA
IZVELVETS,NA
EYESONIZ0NE,YENALVER
_rjshin,NA
fairydustsung,NA
dstny_space,NA
izonecIub,NA
luvmymyoui,NA
answertwice,NA
iznTT,atzgfs
yenarene,NA
Izone_stan12,NA
velvetujung,NA
izoniarskie,NA
dinoIol,theymakemewoozi
chaebutterflys,NA
maunlight,NA
ultchoiyenaz,NA
cherygums,NA
baeismines,NA
joyulssi,NA
icoyy_,NA
icoyy_,NA
jiewonyo,NA
egoisthyejoo,NA
sohnbit,NA
wizctzen,NA
taeniiverse,NA
Kpoplov69326175,uItyenas
euphoritaee,NA
mrkleencity,NA
maryamfriz,NA
nananinissi,Koreaboo
ultyizhuos,ultyizhuos
dilfjn,NA
bugbaII,NA
jeahuyni,NA
itzyracha,NA
2WONBITHINKER,NA
wiz_teume,NA
fluffy99_uwu,NA
AnnyeongzVLIVE,NA
fluffy99_uwu,Koreaboo
chocolate_chae,NA
jycykc,NA
AnnyeongzVLIVE,SAnnyeongz
fluffy99_uwu,NA
AnnyeongzR,NA
KOYUKICORE,NA
anneyujane,NA
SAnnyeongz,NA
FAlRYCHAES,NA
ohmygowons,NA
Nessa32866083,NA
Nessa32866083,NA
unjjjjh,NA
mooncakejun,NA
cluelessberry,NA
chwnshrthair,NA
_izones,NA
gxdjoYul,NA
hitomijeu,NA
seizedelune,NA
Nessa32866083,NA
jjjoyurizzz,NA
rvlvvy,NA
koosunxyuj,NA
izone_shai,NA
pyoflwr,NA
39sakuwiz,NA
babydeulstan,NA
andrea_argrn,NA
choiducc,NA
kangbisupreme,NA
choi_potteriz,NA
hyvckluvies,NA
dreamyjaems,NA
MVPtaengoo,NA
Nessa32866083,NA
Nessa32866083,NA
VAMP1NKS,Koreaboo
Nessa32866083,NA
juyeonlvs,NA
lovris,NA
subinclit,NA
idkfaw,NA
pinkeukura,NA
byulshyejin,NA
chocochipmunks,NA
cyena6969,FMajorig
ahnjesus,ahnjesus
onlywithyu,NA
Sekorita_,NA
MindSone1,NA
_joanneshin,NA
taejoygi,taejoygi
oshfocus,NA
keinotkey,NA
hitomijeu,NA
kkura1212,NA
yyxykill,NA
CHAEL0V3,NA
annmarie_xd,NA
NEOSUKI__,NA
bubblybinnie,NA
chaevvonie,NA
minjXyej,NA
EYESONIZ0NE,NA
kpopque2,NA
duckieyena1,NA
39sakuwiz,NA
ddiddirere,NA
39sakuwiz,NA
thediscomonkey,NA
Wiishwing,NA
kyuslovr,NA
Nakochanbaby,NA
nayeonsproton,NA
yuriphoriie,prettyjoyul
USEREYEDi,NA
kcwjoo,NA
yuriphoriie,NA
ssamgyuri,NA
jitaejyty,NA
yeoouuu,NA
sukitowony,kkuchaen
MuhammadDaffa,NA
diilff,NA
XIUMlNI,NA
sapphiretzuyu,NA
rvserrajose,NA
baebaeseulgi23,NA
yenabiss,NA
iz0ne_mermanent,NA
12dimesdestined,NA
Orbit_and_LOONA,NA
featherChae_777,NA
ChubbyDuc,NA
kiwoooo_,c6ix_
yunavisuals,NA
MVPtaengoo,NA
cashupeia,NA
jkyruto,NA
khione_shi,NA
choiduckyy,NA
minyulstan,NA
j_ysoon,j_ysoon
queerkyu,NA
wizhaos,NA
bitesizedyena,yenarene
UthipWiz,NA
slutforsua,NA
ahntyujin,NA
wizonecams,NA
seoqnhwa,NA
formynghn,NA
zafrekim,NA
BElrey2002,NA
igieb9,NA
ameribikong,NA
HateSnakeuuuu,NA
strayluvie,NA
cy_wonyoung,NA
yutaensol,NA
mercede68572824,NA
kz0r_,NA
ducklingent,NA
yenavocado,NA
duckyyena,NA
lavienteez,yenarene
yanaxz12,NA
Draggo19810575,NA
yn_sw1,NA
jihyonako,NA
jonghorbit,jonghorbit
sanrioyeo,NA
CRAVITYPATRICK,NA
mochinbik,NA
wintermelownz,NA
darlinjasper,NA
arclightwizone,NA
BElrey2002,NA
heartsyuris,NA
sunhyp3n,NA
kkurapomu,NA
jaehyukpop,TRSRANTI
kathleneee23_,Koreaboo
6juyeon,NA
STWDucko,NA
strxwberrychae,NA
txtbun,NA
yuuzthsmile,NA
fairychwn,NA
G0THNANA,NA
spaceshipland,NA
blinkywiz,NA
justapassingwiz,NA
daengieee,NA
Yenablinks,NA
cashupeia,NA
svtfile,NA
jaemssdream,NA
kwondoshi,NA
O5YEONS,NA
S0FTKWON,NA
tokkidaeng,NA
oorilia_,NA
lavienteez,NA
luvsakuras,NA
seoqnhwa,prodyena
wonyoverse,NA
ImaGGtrash,NA
miwayakikkura,NA
skr_izone,NA
nekkumaa,NA
IzKiddos,NA
Anoud197,NA
hongiiunbi,NA
kcw080100,NA
lgbtdaehyeon,NA
dawonsbbang,NA
prodyena,NA
Yujinnnnnnnnnie,uItyenas
wujubaek,NA
gyuIies,NA
kim_yuna6,NA
2GYUS,NA
milksyuri,NA
RYUSC0RE,NA
symetricalbob,NA
kdluvsana,NA
95LTR,NA
panwinknator,NA
meIohi,NA
loonuhz,NA
iamhnnpltd_,NA
THEESHOTARO,NA
httpspogtopia,NA
seoqnhwa,fr6ms
O5YEONS,NA
milksyuri,NA
miguin_cutest,NA
cherrydokey,NA
mekikyu,NA
namjoykoo,NA
galaxycobi,NA
yeonjunsjanitor,NA
WIGSE0,NA
midzycult,NA
mekikyu,NA
bot_wonyoung,NA
minajihyo,NA
yeofrogie,NA
softnakkoya,onericiz
minajihyo,NA
izoneiric,NA
itboykarl,NA
G0THEUNBI,NA
kurawa39,NA
milksyuri,NA
kweenbirabbit,NA
KTHMAlD,NA
flirtfelix,KUMIH4K
G0THEUNBI,NA
hanjiuokka,NA
grlfrcnt,NA
perfectsveIvet,NA
BabyBirdieJB,NA
lauvruto,NA
haksunbae,NA
chluvs,NA
__wwiinn_7,__wwiinn_7
peachyhichan09,NA
_MrCarbon,NA
fairylixiee,NA
kvidaore,NA
svt_mingssi,NA
PR0DFLEUR,NA
onIyfanskz,NA
skyyeoong,NA
kwanbffs,bitesizedyena
junghwannieyo,NA
jenniestaygold,NA
riomilf,NA
mashijoring,NA
minajihyo,onethirdz
milkbbangs,NA
KUMIH4K,NA
trsxvi,NA
pebblehyunie,NA
yenadomination,NA
Revo00113999,uItyenas
riomilf,NA
O5YEONS,NA
hobisode,NA
minchuverse,NA
sunwooify,NA
milfyrene,NA
bpdeactivate,NA
httpkoos,NA
yujinieverse,NA
Chaewoniiie,NA
venusmercariego,NA
dioksito,NA
phytosync,NA
lwincex,NA
nekkumaa,NA
lavienteez,NA
sunnyywoos,NA
jaemrsgn,NA
sunnyywoos,NA
injooniverse,NA
vteezs,NA
cherizones,NA
chwnkm,NA
inyandreaaaa,NA
bitesizedyena,yenarene
hyunjaeo_o,NA
syeoncat,yenarene
mintwonyo,NA
bffxion,NA
THERANOPRINT,NA
phytosync,NA
hyej5u,NA
fIoverphobia,fIoverphobia
chaejoos,NA
LJYC0RE,NA
SWANS00B,NA
izoneace,NA
shziuku,uItstayc
yenas_duck,NA
M00NT43IL,NA
wizvmin,NA
chaejoos,NA
Blehmoteh,prettyjoyul
LJYC0RE,NA
hyeolz,NA
jjongrangdan,NA
astrojooe,astrojooe
Ssampomu,NA
kickquad,NA
ksyumji,NA
joyulyy,NA
1989CHISATO,NA
CH4EWONCE,NA
atzgyu,NA
pinkeukura,NA
altwjsn,NA
izswk,NA
thejoyurizu,NA
seunghunify,NA
bellawithluv,NA
yooshiahs,NA
httpsizone_,NA
lalisadahyun,NA
FloralAurora,NA
iznoren,NA
linotropy,NA
seulmilli,uItstayc
chsojungs,NA
daengieee,NA
CATGIRLYUR1,NA
eunbify,ahnyujin_12
miyeonent,NA
YEOST4R,NA
W1ZJUN,f4iryheo
jeIlocup,NA
astrojooe,NA
deobiyena,NA
chsojungs,NA
deobiyena,NA
gyang1060,NA
moistwonho,NA
chsojungs,chsojungs
yonassi18,NA
sceneryeji,NA
chaoticsua,NA
nayeonscheeks,NA
chrrysungie,NA
boriyuta,NA
iznoren,NA
chavchae,hyofiles
nakosizone,NA
eunbify,NA
tenmrks,NA
gayfiIter,NA
f4iryheo,NA
ky11me,NA
FloralAurora,NA
Chaewoniiie,NA
altwjsn,NA
im_sfi,im_sfi
doiemv,NA
hsybian,NA
joyurizm,NA
yoohdy,NA
umjigay,NA
66yuriz,NA
prodyena,NA
EnakMizone,izonemfs
ASAH1S,NA
wdzjuyeon,wdzjuyeon
egghycok,NA
loonathelgbtq,NA
chrrysungie,NA
sadoneit,NA
lovingkdn,NA
sadoneit,NA
peachylalisa_,NA
SGKVCW,NA
bubblybinnie,NA
yulyencore,NA
cloudwoos,NA
astrojooe,NA
JNK0RE,NA
keehocat,NA
lilbomu,NA
lqssamu,NA
Chaewoniiie,NA
EYESONIZ0NE,NA
bulg0giiiii,NA
chrrysungie,NA
chavchae,NA
iBiteNew,NA
nimrodtwt,NA
yukayeo,NA
idleprint,NA
fallinsakura,NA
flowersforyooh,NA
jjaeyeonprint,NA
atzyuna,NA
j4nho,NA
sinbliz,NA
cherizones,NA
Z0AHAN,NA
satellitekth,NA
haekois,NA
chrrysungie,NA
iBiteNew,NA
clezoa,NA
cosmiqlo,NA
kwanbffs,NA
izoneSLAY,NA
pisswasfound,nimrodtwt
gyuIies,NA
doiemv,NA
L0V3YUNA,NA
huangwon,NA
froghwi,abwooj
faeriepjms,NA
hiraisyuri,NA
snowkkura,NA
lisaxalways,NA
tri_noodle,NA
nimrodtwt,pisswasfound
enbysuk,NA
doiemv,NA
cvrpinks,NA
jiyeonverse,NA
swprnt,NA
ikllau,NA
liasmaid,NA
chrrysungie,NA
relaire1,NA
cherizones,NA
chuuQ_Q,NA
j4nho,NA
wklytz,NA
bIuehourz,telepaseok
jiyeonverse,NA
faeriviv,NA
02file,NA
fartfront,NA
CATGIRLYUR1,vhsjiaqi
daengieee,NA
yooshiahs,httphyewonz
pIanetyuri,NA
hyuckce,NA
imrizlee,NA
uzsvt,NA
jiseoIs,NA
bitesizedyena,kwanbffs
jiyeonverse,NA
cubecIc,NA
egghycok,NA
jenoxyn,NA
tsukicuIt,NA
